{
    "login": {
      "tagline": "Echtzeit-Markteinblicke auf Knopfdruck",
      "username": "Benutzername",
      "username_placeholder": "Geben Sie Ihren Benutzernamen ein",
      "username_required": "Benutzername ist erforderlich",
      "password": "Passwort",
      "password_placeholder": "Geben Sie Ihr Passwort ein",
      "password_required": "Passwort ist erforderlich",
      "password_length": "Das Passwort muss mindestens 8 Zeichen lang sein",
      "remember_me": "Angemeldet bleiben",
      "sign_in": "Anmelden",
      "forgot_username": "Benutzername vergessen",
      "forgot_password": "Passwort vergessen",
      "security_heading": "Sicherheitsinformationen",
      "security_message": "Ihre Sicherheit hat für uns Priorität. Wir setzen branchenführende Maßnahmen zum Schutz Ihrer Daten ein:",
      "security_feature1": "Ende-zu-Ende-Verschlüsselung für alle Transaktionen",
      "security_feature2": "Multi-Faktor-Authentifizierung",
      "security_feature3": "Regelmäßige Sicherheitsaudits und Compliance-Prüfungen"
    }
  }