{
  "login": {
    "tagline": "वास्तविक समय के बाजार अंतर्दृष्टि आपकी उंगलियों पर",
    "username": "उपयोगकर्ता नाम",
    "username_placeholder": "अपना उपयोगकर्ता नाम दर्ज करें",
    "username_required": "उपयोगकर्ता नाम आवश्यक है",
    "password": "पासवर्ड",
    "password_placeholder": "अपना पासवर्ड दर्ज करें",
    "password_required": "पासवर्ड आवश्यक है",
    "password_length": "पासवर्ड कम से कम 8 अक्षर का होना चाहिए",
    "remember_me": "मुझे याद रखें",
    "sign_in": "साइन इन करें",
    "forgot_username": "उपयोगकर्ता नाम भूल गए",
    "forgot_password": "पासवर्ड भूल गए",
    "security_heading": "सुरक्षा जानकारी",
    "security_message": "आपकी सुरक्षा हमारी प्राथमिकता है। हम आपके डेटा की सुरक्षा के लिए उद्योग-अग्रणी उपाय लागू करते हैं:",
    "security_feature1": "सभी लेनदेन के लिए एंड-टू-एंड एन्क्रिप्शन",
    "security_feature2": "मल्टी-फैक्टर प्रमाणीकरण",
    "security_feature3": "नियमित सुरक्षा ऑडिट और अनुपालन जांच"
  }
}